{"_runtime":401,"_timestamp":1.764917878845047e+09,"valid_epoch_recon":0.026246723035971323,"_step":302,"valid_epoch_vq":0.019066278512279194,"test_epoch_recon":0.024633455041207765,"usage_rate":0.21875,"test_epoch_vq":0.015872031548305562,"_wandb":{"runtime":401}}