epoch,eval_loss,perplexity
1.0,0.9057889580726624,2.4738829432385985
2.0,0.4864109754562378,1.6264682974248275
3.0,0.3280376195907593,1.3882411963727646
